file,source,source_size,output_size,removed_background_rgb,pixels_removed
item_use_cleaned/Accessoires/Anneau_de_pacte.png,Items_raw,"(47, 48)","(47, 48)","(139, 139, 139)",814
item_use_cleaned/Accessoires/Collier_de_Aragorn.png,Items_raw,"(46, 44)","(46, 44)","(139, 139, 139)",731
item_use_cleaned/Accessoires/Anneau_de_la_Faucheuse.png,Items_raw,"(46, 47)","(46, 47)","(139, 139, 139)",659
item_use_cleaned/Accessoires/Anneau_de_L#U00e9viathan.png,Items_raw,"(46, 46)","(46, 46)","(139, 139, 139)",613
item_use_cleaned/Runes/Rune_d_Halloween.png,Items_raw,"(48, 47)","(48, 47)","(139, 139, 139)",810
item_use_cleaned/Montures/Pet_Frankenstein.png,Items_raw,"(47, 47)","(47, 47)","(139, 139, 139)",802
item_use_cleaned/Montures/Monture_Balais_Volant.png,Items_raw,"(44, 46)","(44, 46)","(139, 139, 139)",1274
item_use_cleaned/Cosm#U00e9tiques/Chapeau_de_Sorci#U00e8re.png,Items_raw,"(46, 47)","(46, 47)","(139, 139, 139)",1572
item_use_cleaned/Cosm#U00e9tiques/Chapeau_du_Corbeau.png,Items_raw,"(49, 47)","(49, 47)","(139, 139, 139)",1457
item_use_cleaned/Armes/Baton_du_Sorcier_du_Shaman.png,Items_raw,"(48, 48)","(48, 48)","(139, 139, 139)",1938
item_use_cleaned/Ressources/Os_de_Squelette.png,current_item_use,"(79, 79)","(79, 79)",,0
item_use_cleaned/Ressources/Corde_d_arc_Sylvestre.png,Items_raw,"(47, 47)","(47, 47)","(139, 139, 139)",1564
item_use_cleaned/Ressources/Lingot_d_#U00c2me_de_M#U00e9tal.png,Items_raw,"(47, 48)","(47, 48)","(139, 139, 139)",1017
item_use_cleaned/Ressources/Fourrure_du_Vide.png,Items_raw,"(46, 47)","(46, 47)","(139, 139, 139)",1053
item_use_cleaned/Ressources/Brindille_Enchant#U00e9es.png,Items_raw,"(46, 47)","(46, 47)","(139, 139, 139)",1677
item_use_cleaned/Ressources/Lingot_de_m#U00e9tal_enchant#U00e9.png,Items_raw,"(79, 80)","(79, 80)","(139, 139, 139)",2965
item_use_cleaned/Ressources/Coeur_N#U00e9crotique.png,Items_raw,"(48, 48)","(48, 48)","(139, 139, 139)",1311
item_use_cleaned/Ressources/Fragments_de_Feuilles.png,Items_raw,"(46, 43)","(46, 43)","(139, 139, 139)",1476
item_use_cleaned/Ressources/Venin_d_Araign#U00e9e.png,current_item_use,"(78, 79)","(78, 79)",,0
item_use_cleaned/Ressources/Peau_dur_Glacial.png,Items_raw,"(47, 46)","(47, 46)","(139, 139, 139)",623
item_use_cleaned/Ressources/#U00c2me_de_l_Herald.png,Items_raw,"(80, 79)","(80, 79)","(139, 139, 139)",3720
item_use_cleaned/Ressources/Lingot_de_Fer.png,current_item_use,"(45, 45)","(45, 45)",,0
item_use_cleaned/Ressources/Tissu_d_Araign#U00e9e.png,Items_raw,"(47, 47)","(47, 47)","(139, 139, 139)",965
item_use_cleaned/Ressources/Crini#U00e8re.png,Items_raw,"(79, 80)","(79, 80)","(139, 139, 139)",4920
item_use_cleaned/Ressources/Corne_Ebrech#U00e9e.png,Items_raw,"(47, 48)","(47, 48)","(139, 139, 139)",1396
item_use_cleaned/Ressources/Essence_de_Miasme.png,Items_raw,"(46, 47)","(46, 47)","(139, 139, 139)",1514
item_use_cleaned/Ressources/Fragment_de_Citrouille.png,Items_raw,"(48, 48)","(48, 48)","(139, 139, 139)",870
item_use_cleaned/Ressources/Pi#U00e8ce_d_#U00c2me_de_M#U00e9tal.png,Items_raw,"(44, 46)","(44, 46)","(139, 139, 139)",1484
item_use_cleaned/Ressources/Gel#U00e9e_de_Slime.png,Items_raw,"(47, 48)","(47, 48)","(139, 139, 139)",1005
item_use_cleaned/Ressources/Ecorce_de_Titan.png,Items_raw,"(48, 46)","(48, 46)","(139, 139, 139)",1772
item_use_cleaned/Ressources/Eclat_de_Bois_Magique.png,Items_raw,"(46, 48)","(46, 48)","(139, 139, 139)",738
item_use_cleaned/Ressources/Cristal_Corrompu.png,Items_raw,"(45, 48)","(45, 48)","(139, 139, 139)",1212
item_use_cleaned/Ressources/Fourrure_de_Loup.png,Items_raw,"(48, 49)","(48, 49)","(139, 139, 139)",288
item_use_cleaned/Ressources/Carapace_d_Ika.png,Items_raw,"(46, 47)","(46, 47)","(139, 139, 139)",881
item_use_cleaned/Ressources/Lingot_de_Cuivre.png,Items_raw,"(47, 47)","(47, 47)","(139, 139, 139)",1523
item_use_cleaned/Ressources/Petite_Bourse.png,Items_raw,"(46, 47)","(46, 47)","(139, 139, 139)",1172
item_use_cleaned/Ressources/Minerai_de_Charbon.png,Items_raw,"(47, 46)","(47, 46)","(139, 139, 139)",1244
item_use_cleaned/Ressources/Fil_d_Araign#U00e9e_Renforc#U00e9.png,Items_raw,"(47, 46)","(47, 46)","(139, 139, 139)",1406
item_use_cleaned/Ressources/#U00c2me_des_ruines.png,Items_raw,"(48, 46)","(48, 46)","(139, 139, 139)",630
item_use_cleaned/Ressources/Spore_Corrompu.png,Items_raw,"(44, 47)","(44, 47)","(139, 139, 139)",1721
item_use_cleaned/Ressources/Pi#U00e8ce_de_m#U00e9tal_enchant#U00e9.png,Items_raw,"(80, 79)","(80, 79)","(139, 139, 139)",2895
item_use_cleaned/Ressources/Fil_d_Araign#U00e9e.png,Items_raw,"(48, 46)","(48, 46)","(139, 139, 139)",1452
item_use_cleaned/Ressources/Pousse_de_Sylve.png,Items_raw,"(47, 48)","(47, 48)","(139, 139, 139)",958
item_use_cleaned/Ressources/Poussi#U00e8re_de_Givre.png,Items_raw,"(47, 46)","(47, 46)","(139, 139, 139)",1649
item_use_cleaned/Ressources/Fragment_Cass#U00e9_Rouge.png,Items_raw,"(80, 80)","(80, 80)","(139, 139, 139)",5000
item_use_cleaned/Ressources/Racine_Ancestrale.png,Items_raw,"(47, 47)","(47, 47)","(139, 139, 139)",1300
item_use_cleaned/Ressources/Os_de_Squelette_Renforc#U00e9.png,current_item_use,"(78, 78)","(78, 78)",,0
item_use_cleaned/Ressources/Buche_de_Bouleau.png,current_item_use,"(47, 47)","(47, 47)",,0
item_use_cleaned/Ressources/Lingot cramoisi.png,current_item_use,"(1080, 1080)","(1080, 1080)",,0
item_use_cleaned/Ressources/Coeur_de_Flammes.png,Items_raw,"(47, 42)","(47, 42)","(139, 139, 139)",1153
item_use_cleaned/Ressources/Tissu_Maudit.png,Items_raw,"(47, 46)","(47, 46)","(139, 139, 139)",1361
item_use_cleaned/Ressources/Tissu_Spectral.png,Items_raw,"(46, 45)","(46, 45)","(139, 139, 139)",720
item_use_cleaned/Ressources/Aile_T#U00e9n#U00e9breuse.png,Items_raw,"(46, 48)","(46, 48)","(139, 139, 139)",1307
item_use_cleaned/Ressources/Cendre_de_Sarcophage.png,Items_raw,"(48, 47)","(48, 47)","(139, 139, 139)",521
item_use_cleaned/Ressources/#U00c2me_du_Warden.png,Items_raw,"(80, 79)","(80, 79)","(139, 139, 139)",3720
item_use_cleaned/Ressources/#U00c2me_du_Reaper.png,Items_raw,"(48, 48)","(48, 48)","(139, 139, 139)",1188
item_use_cleaned/Ressources/Minerai_de_Fer.png,Items_raw,"(48, 46)","(48, 46)","(139, 139, 139)",768
item_use_cleaned/Ressources/Crocs_de_Loup.png,Items_raw,"(47, 47)","(47, 47)","(139, 139, 139)",1090
item_use_cleaned/Ressources/Fragment_Cass#U00e9_Jaune.png,Items_raw,"(79, 80)","(79, 80)","(139, 139, 139)",4920
item_use_cleaned/Ressources/Poussi#U00e8re_d_Os.png,current_item_use,"(80, 77)","(80, 77)",,0
item_use_cleaned/Ressources/Carapce_de_Requin.png,Items_raw,"(48, 49)","(48, 49)","(139, 139, 139)",577
item_use_cleaned/Ressources/Voile_de_la_Banshee.png,Items_raw,"(45, 45)","(45, 45)","(139, 139, 139)",865
item_use_cleaned/Ressources/Minerai_de_Cuivre.png,Items_raw,"(46, 48)","(46, 48)","(139, 139, 139)",692
item_use_cleaned/Ressources/Coeur_Arcanique.png,Items_raw,"(47, 46)","(47, 46)","(139, 139, 139)",798
item_use_cleaned/Ressources/Griffe_Nocturne.png,Items_raw,"(46, 46)","(46, 46)","(139, 139, 139)",1561
item_use_cleaned/Ressources/Bonbon_Sucr#U00e9e_au_Sucre.png,Items_raw,"(47, 48)","(47, 48)","(139, 139, 139)",1046
item_use_cleaned/Ressources/D#U00e9bris_Putride_de_Chair.png,Items_raw,"(46, 47)","(46, 47)","(139, 139, 139)",891
item_use_cleaned/Ressources/Minerai_cramoisi.png,current_item_use,"(80, 79)","(80, 79)",,0
item_use_cleaned/Ressources/Myc#U00e9lium_Magique.png,Items_raw,"(48, 48)","(48, 48)","(139, 139, 139)",444
item_use_cleaned/Ressources/Ecorce_Sylvestre.png,Items_raw,"(48, 47)","(48, 47)","(139, 139, 139)",1554
item_use_cleaned/Ressources/Coeur_de_Nautherion.png,Items_raw,"(79, 79)","(79, 79)","(139, 139, 139)",4476
item_use_cleaned/Ressources/Coeur_de_Bois.png,Items_raw,"(47, 46)","(47, 46)","(139, 139, 139)",803
item_use_cleaned/Ressources/Poussi#U00e8re_d_Echo_Spectrale.png,Items_raw,"(47, 46)","(47, 46)","(139, 139, 139)",927
item_use_cleaned/Ressources/Fragments_Cass#U00e9_Violet.png,Items_raw,"(46, 46)","(46, 46)","(139, 139, 139)",1621
item_use_cleaned/Ressources/Coeur_Putrifi#U00e9.png,current_item_use,"(78, 79)","(78, 79)",,0
item_use_cleaned/Ressources/Peau de Sanglier.png,Items_raw,"(49, 48)","(49, 48)","(55, 55, 55)",96
item_use_cleaned/Ressources/Fragment_de_l_#U00c2me_de_l_Ours.png,Items_raw,"(47, 46)","(47, 46)","(139, 139, 139)",1406
item_use_cleaned/Ressources/Noyau_de_Slime.png,Items_raw,"(47, 48)","(47, 48)","(139, 139, 139)",514
item_use_cleaned/Ressources/Buche_de_Ch#U00eane.png,Items_raw,"(48, 49)","(48, 49)","(139, 139, 139)",1226
item_use_cleaned/Ressources/Essence_de_Gorbel.png,Items_raw,"(46, 46)","(46, 46)","(139, 139, 139)",1109
item_use_cleaned/Consommables/Potion_de_Vie_III.png,Items_raw,"(47, 45)","(47, 45)","(139, 139, 139)",948
item_use_cleaned/Consommables/Potion de Mana Sup#U00e9rieur.png,Items_raw,"(48, 48)","(48, 48)","(139, 139, 139)",1089
item_use_cleaned/Consommables/Potion_de_Mana.png,current_item_use,"(46, 46)","(46, 46)",,0
item_use_cleaned/Consommables/Cristal_D_Halloween.png,Items_raw,"(47, 45)","(47, 45)","(139, 139, 139)",1422
item_use_cleaned/Consommables/Cl#U00e9_Overall.png,Items_raw,"(47, 46)","(47, 46)","(139, 139, 139)",1558
item_use_cleaned/Consommables/Sandwich_de_Nephantes.png,Items_raw,"(45, 46)","(45, 46)","(139, 139, 139)",863
item_use_cleaned/Consommables/Potion_de_Vie_II.png,Items_raw,"(48, 47)","(48, 47)","(139, 139, 139)",1482
item_use_cleaned/Consommables/Viande_de_Sanglier.png,Items_raw,"(46, 45)","(46, 45)","(139, 139, 139)",1185
item_use_cleaned/Consommables/Parchemin_de_Ma#U00eetrise.png,Items_raw,"(47, 46)","(47, 46)","(139, 139, 139)",918
item_use_cleaned/Consommables/Potion de Mana Moyenne.png,Items_raw,"(48, 47)","(48, 47)","(139, 139, 139)",1482
item_use_cleaned/Consommables/Potion_du_Martyr.png,Items_raw,"(44, 47)","(44, 47)","(139, 139, 139)",994
item_use_cleaned/Consommables/Cristal_de_Potion.png,Items_raw,"(47, 47)","(47, 47)","(139, 139, 139)",1516
item_use_cleaned/Consommables/Potion_d_Albal.png,Items_raw,"(48, 45)","(48, 45)","(139, 139, 139)",1280
item_use_cleaned/Consommables/Parchemin_de_R#U00e9allocation.png,Items_raw,"(47, 49)","(47, 49)","(139, 139, 139)",963
item_use_cleaned/Consommables/Potion_de_Vie_I.png,Items_raw,"(47, 49)","(47, 49)","(139, 139, 139)",1437
item_use_cleaned/Consommables/Cristal_du_Soutien_I.png,Items_raw,"(46, 48)","(46, 48)","(139, 139, 139)",1515
item_use_cleaned/Consommables/Cl#U00e9_de_Xal_Zirith.png,Items_raw,"(42, 45)","(42, 45)","(139, 139, 139)",1496
item_use_cleaned/Consommables/Cl#U00e9_des_Dechus.png,Items_raw,"(43, 45)","(43, 45)","(139, 139, 139)",1442
item_use_cleaned/Consommables/Cl#U00e9_Halloween.png,Items_raw,"(47, 46)","(47, 46)","(139, 139, 139)",1423
item_use_cleaned/Consommables/Cl#U00e9_de_la_for#U00eat.png,Items_raw,"(47, 46)","(47, 46)","(139, 139, 139)",1727
item_use_cleaned/Familiers/Krynn__Le_Fl#U00e9au_Muticolore.png,Items_raw,"(48, 48)","(48, 48)","(139, 139, 139)",745
item_use_cleaned/Outils/Pinceau_Magique.png,Items_raw,"(46, 48)","(46, 48)","(139, 139, 139)",1398
item_use_cleaned/Outils/Pioche_F#U00eal#U00e9e.png,Items_raw,"(45, 46)","(45, 46)","(139, 139, 139)",1718
item_use_cleaned/Outils/Canne_#U00e0_p#U00eache.png,Items_raw,"(48, 45)","(48, 45)","(139, 139, 139)",1512
item_use_cleaned/Outils/Hache_#U00e9br#U00e9ch#U00e9e.png,Items_raw,"(43, 46)","(43, 46)","(139, 139, 139)",1617
item_use_cleaned/Outils/Serpe_Tordue.png,Items_raw,"(46, 45)","(46, 45)","(139, 139, 139)",1770
Event_cleaned/Halloween/Armes/Dague Terrifiante.png,Event,"(49, 50)","(49, 50)","(55, 55, 55)",137
Event_cleaned/Halloween/Armes/Arbal#U00e8te de Cendre.png,Event,"(48, 49)","(48, 49)","(139, 139, 139)",1398
Event_cleaned/Halloween/Armes/Arbal#U00e8te Hurlante.png,Event,"(50, 49)","(50, 49)","(55, 55, 55)",97
Event_cleaned/Halloween/Armes/Marteau Cr#U00e9pusculaire.png,Event,"(53, 51)","(53, 51)","(255, 255, 255)",189
Event_cleaned/Halloween/Armes/Bouclier Putride.png,Event,"(49, 48)","(49, 48)","(139, 139, 139)",756
Event_cleaned/Halloween/Armes/Claymore Cr#U00e9pusculaire.png,Event,"(50, 50)","(50, 50)","(55, 55, 55)",169
Event_cleaned/Halloween/Armes/Spectre Maudit.png,Event,"(50, 48)","(50, 48)","(139, 139, 139)",1910
Event_cleaned/Noel/Accessoire/Mouffles de Noel.png,Event,"(47, 51)","(47, 51)","(55, 55, 55)",142
Event_cleaned/Noel/Consommable/Crystal de noel.png,Event,"(51, 50)","(51, 50)","(55, 55, 55)",241
Event_cleaned/Noel/Cosm#U00e9tique/Bois de Noel.png,Event,"(53, 48)","(53, 48)","(55, 55, 55)",144
Event_cleaned/Noel/Cosm#U00e9tique/Ailes de Noel.png,Event,"(55, 53)","(55, 53)","(255, 255, 255)",258
Event_cleaned/Noel/Cosm#U00e9tique/Bonnet de Noel.png,Event,"(49, 51)","(49, 51)","(55, 55, 55)",195
Event_cleaned/Noel/Rune/Rune de Noel.png,Event,"(51, 48)","(51, 48)","(55, 55, 55)",192
Event_cleaned/Noel/Ressources/Lingot Glacial.png,Event,"(45, 44)","(45, 44)","(139, 139, 139)",1156
Event_cleaned/Noel/Ressources/Fourrure Blanche.png,Event,"(47, 49)","(47, 49)","(139, 139, 139)",1099
Event_cleaned/Noel/Ressources/Minerais Glacial.png,Event,"(47, 49)","(47, 49)","(139, 139, 139)",861
Event_cleaned/Noel/Ressources/Tas d'os.png,Event,"(50, 49)","(50, 49)","(55, 55, 55)",147
Event_cleaned/Noel/Ressources/Joyau de Glace.png,Event,"(49, 49)","(49, 49)","(55, 55, 55)",145
Event_cleaned/Noel/Ressources/Corne Blanche.png,Event,"(47, 51)","(47, 51)","(139, 139, 139)",1285
Event_cleaned/Noel/Ressources/Souffle de M#U00e9moire.png,Event,"(50, 50)","(50, 50)","(55, 55, 55)",146
Event_cleaned/Noel/Ressources/Plume Gel#U00e9e.png,Event,"(52, 50)","(52, 50)","(55, 55, 55)",294
Event_cleaned/Noel/Ressources/AIles Cristalis#U00e9es.png,Event,"(54, 52)","(54, 52)","(255, 255, 255)",185
Event_cleaned/Noel/Ressources/Poussi#U00e8re d'os cristalis#U00e9.png,Event,"(49, 52)","(49, 52)","(139, 139, 139)",1254
Event_cleaned/Noel/Ressources/Sucre d'orge.png,Event,"(46, 48)","(46, 48)","(139, 139, 139)",1232
Event_cleaned/Noel/Ressources/Poudre de Glace.png,Event,"(48, 51)","(48, 51)","(139, 139, 139)",990
Event_cleaned/Noel/Ressources/Coeur Refroidi.png,Event,"(49, 47)","(49, 47)","(55, 55, 55)",141
Event_cleaned/Noel/Ressources/Cloche de Noel.png,Event,"(47, 50)","(47, 50)","(139, 139, 139)",1395
Event_cleaned/Noel/Ressources/Serres de Glace.png,Event,"(52, 49)","(52, 49)","(55, 55, 55)",195
Event_cleaned/Noel/Ressources/Potion Givr#U00e9e.png,Event,"(47, 47)","(47, 47)","(139, 139, 139)",1269
Event_cleaned/Noel/Familiers/Pet Hivernale.png,Event,"(48, 49)","(48, 49)","(139, 139, 139)",1034
Event_cleaned/Noel/Arme/Claymore Hivernale.png,Event,"(56, 55)","(56, 55)","(255, 255, 255)",379
Event_cleaned/Noel/Arme/Catalyseur Hivernale.png,Event,"(51, 51)","(51, 51)","(55, 55, 55)",246
Event_cleaned/Noel/Arme/Serpe Noel.png,Event,"(52, 53)","(52, 53)","(255, 255, 255)",131
Event_cleaned/Noel/Arme/Bouclier Hivernale.png,Event,"(51, 52)","(51, 52)","(55, 55, 55)",175
Event_cleaned/Noel/Arme/Spectre Hivernale.png,Event,"(52, 53)","(52, 53)","(255, 255, 255)",145
Event_cleaned/Noel/Arme/Arbal#U00e8te Hurlante.png,Event,"(51, 51)","(51, 51)","(55, 55, 55)",140
Event_cleaned/Noel/Arme/Arc Hivernale.png,Event,"(52, 52)","(52, 52)","(255, 255, 255)",97
Event_cleaned/Noel/Arme/Marteau Hivernale.png,Event,"(50, 52)","(50, 52)","(139, 139, 139)",1042
Event_cleaned/Noel/Arme/Faux Noel.png,Event,"(53, 53)","(53, 53)","(55, 55, 55)",268
late_cleaned/Coeur Putrifi#U00e9.png,late,"(78, 79)","(78, 79)","(139, 139, 139)",4973
late_cleaned/#U00c9p#U00e9e Osseuse.png,late,"(78, 79)","(78, 79)","(139, 139, 139)",4781
late_cleaned/Buche de Bouleau.png,late,"(47, 47)","(47, 47)","(139, 139, 139)",1129
late_cleaned/Lingot de Fer.png,late,"(45, 45)","(45, 45)","(139, 139, 139)",1339
late_cleaned/Lingot cramoisi.png,late,"(79, 79)","(79, 79)","(139, 139, 139)",3980
late_cleaned/Os de Squelette.png,late,"(79, 79)","(79, 79)","(139, 139, 139)",4551
late_cleaned/Venin d'Araign#U00e9e.png,late,"(78, 79)","(78, 79)","(139, 139, 139)",4265
late_cleaned/Poussi#U00e8re d'Os.png,late,"(80, 77)","(80, 77)","(139, 139, 139)",3385
late_cleaned/Os de Squelette Renforc#U00e9.png,late,"(78, 78)","(78, 78)","(139, 139, 139)",4634
late_cleaned/Minerai cramoisi.png,late,"(80, 79)","(80, 79)","(139, 139, 139)",3132
Items_cleaned/#U00c9p#U00e9e_Osseuse.png,Items,"(78, 79)","(78, 79)",,0
